報告,檔案,建議,延後理由,規模,處置_path,狀態
01,08-電磁學-下.md`:第 15 章,將介面反射／折射／全反射從「介質中的波」獨立成章,相量形式馬克士威方程與介面小節標題已局部補正；若再獨立成章，需新增章節並重編後續第 16～18 章，依範圍 gate 延後。,新增章節,01-處置.md,已修（第一階段，2026-10-09）
02,11-計算機組織與微處理機.md:微處理機內容,原建議：新增微控制器內部、記憶體映射 I/O、中斷向量表、計時器等一章，或改題並導向嵌入式特化,新增章節或改題會超出局部修整並可能改變原意；依範圍 gate 延後。,取捨衝突,02-處置.md,已修（第一階段，2026-10-09）
03,14-通訊系統-下.md:第 10–12 章,將數位調變集中到 15 並互連,刪章改原意,取捨衝突,03-處置.md,已修（第一階段，2026-10-09）
03,14-通訊系統-下.md:全檔,新增類比調變 SNR 比較章,新增章節,新增章節,03-處置.md,已修（第一階段，2026-10-09）
03,14-下、15-下、18:通道模型,衰落模型集中到 18,跨課刪改,跨課,03-處置.md,已修（第一階段，2026-10-09）
03,15-下、17:通道編碼,15 只留應用、理論集中到 17,刪內容改原意,取捨衝突,03-處置.md,已修（第一階段，2026-10-09）
03,15-下、17、18:MIMO,MIMO 集中到 18,跨課搬移,跨課,03-處置.md,已修（第一階段，2026-10-09）
03,15-上、15-下、18:OFDM,OFDM 只留 15 上,跨課刪減,跨課,03-處置.md,已修（第一階段，2026-10-09）
03,15-數位通訊-下.md:第 14–15 章,重組多載波、展頻與多天線章,整課改版,整課改版,03-處置.md,已修（第一階段，2026-10-09）
03,16-數位信號處理-上.md:第 6–7 章,精簡實作章並新增取樣前後端,刪增章節,新增章節,03-處置.md,已修（第一階段，2026-10-09）
03,18-無線與行動通訊.md:第 4 章,新增 SIR 與無線鏈路預算一節,新增章節,新增章節,03-處置.md,已修（第一階段，2026-10-09）
04,P1-電力系統-下.md:第 14 章＋P4-再生能源與智慧電網-下.md:第 5、6、9 章,縮寫 P1 重複內容並互參,需大幅刪縮既有內容，可能改變原意。,取捨衝突,04-處置.md,已修（第一階段，2026-10-09）
04,P1-電力系統-下.md:12.3＋P4-再生能源與智慧電網-下.md:第 8 章,刪除 P4 重複的市場內容並回連 P1,會刪除原有教學內容，可能改變原意。,取捨衝突,04-處置.md,已修（第一階段，2026-10-09）
04,P4-再生能源與智慧電網-上.md:第 3 章後,新增其他再生能源速覽,屬新增章節。,新增章節,04-處置.md,已修（第一階段，2026-10-09）
04,P1-電力系統-上.md:第 7 章後／P1-電力系統-下.md,新增狀態估計、配電分析與電力品質內容,屬新增章節。,新增章節,04-處置.md,已修（第一階段，2026-10-09）
05,電機/05-09 全部 28 檔:各科末尾,補「碩士主題簡介／博士研究方向」，或在學習計畫宣告不分層,單條涉及 28 檔、新增章節且屬內容模型決策，超過範圍 gate（四段一致判延後）。,新增章節,05-處置.md,已修（第一階段，2026-10-09）
05,05-醫電特化 全 6 檔:各章,每章至少補一個小算例,單條需改 6 檔、屬整課加厚；已就報告逐點指定處補局部算例。,整課改版,05-處置.md,已修（第一階段，2026-10-09）
05,06-晶片特化 全 7 檔:全篇,每檔補算例或程式例,單條需改 7 檔，超過 5 檔 gate；已就逐點報告補可驗算的局部範例。,多檔,05-處置.md,已修（第一階段，2026-10-09）
05,06-晶片特化/IC1-類比積體電路設計-下.md:第 10 章,移出 RF PA 系統議題或改寫為類比線性化,搬到其他特化屬越界重組，就地改寫會改變原意。,取捨衝突,05-處置.md,已修（第一階段，2026-10-09）
21,專題/AI理論白話/`:目錄入口,補頂層 README，說明導讀、原稿位置、線上路徑與機器人學習對照,屬新增頁面，依範圍 gate 延後。,新增章節,21-處置.md,已修（第一階段，2026-10-09）
21,五份頂層 README:全檔,統一為固定模板,需大幅重整多份檔案，依指示延後。,整課改版,21-處置.md,已修（第一階段，2026-10-09）
22,"專題/{Linux,作業系統,網路協定,網路安全,逆向工程}/README.md`:讀者基線",「資深 C++ 工程師」改為中性描述,涉及 5 檔且屬擁有者定位決定，依指示延後。,多檔,22-處置.md,已修（第一階段，2026-10-09）
23,app.js:自我檢核題庫,每章換一題新數字或情境,整課測驗改版，且牴觸 PROJECT-BRIEF 錨定數值。,取捨衝突,23-處置.md,已修（第一階段，2026-10-09）
23,00–15:白話直覺,因果鏈改成五行條列,涉及 16 檔，屬整課結構改版。,整課改版,23-處置.md,已修（第一階段，2026-10-09）
23,自我檢核＋00–15:章節導覽,加錨點與本章三題連結,涉及 17 檔，超過五檔。,多檔,23-處置.md,已修（第一階段，2026-10-09）
23,00–15:*output,統一靜態後備文字,涉及超過五檔。,多檔,23-處置.md,已修（第一階段，2026-10-09）
23,02/05/08/15:正文,加 HTML 表格與 Unicode 方向圖,牴觸 PROJECT-BRIEF「不畫圖」裁決。,取捨衝突,23-處置.md,已修（第一階段，2026-10-09）
23,index/14/15:相量說明,讓向量與相量外觀不同,須改領地外正本 CSS，交使用者裁決。,跨課,23-處置.md,已修（T8 跨課隊，2026-10-09）
23,styles.css:site-footer,新增頁尾樣式,本課 CSS 必須與領地外正本位元組相同。,跨課,23-處置.md,已修（T8 跨課隊，2026-10-09）
23,全課:FR-4,統一四種拼法,至少涉及七檔，超過五檔。,多檔,23-處置.md,已修（第一階段，2026-10-09）
24,15-運算放大器與電子系統.html:章節規劃,新增 14.5 理想運放章,屬新頁面與新章節，依 gate 延後。,新增章節,24-處置.md,已修（第一階段，2026-10-09）
24,全課:各章末,每章新增 2–3 題,須改逾 5 檔，且屬整課題型擴充。,整課改版,24-處置.md,已修（第一階段，2026-10-09）
24,全課:workspace,全部滑桿即時回顯數值與單位,橫跨 16 章、超過 5 檔。,多檔,24-處置.md,已修（第一階段，2026-10-09）
24,01–15:topbar,加入本章導覽與 `aria-current`,須改 15 個章節頁。,多檔,24-處置.md,已修（第一階段，2026-10-09）
24,styles.css:footer,新增 `site-footer` 樣式,與 PROJECT-BRIEF 「須與共用正本位元組相同」衝突。,跨課,24-處置.md,已修（T8 跨課隊，2026-10-09）
24,全站:main-site-link,絕對網址改離線相對連結,跨逾 5 檔，且報告指定全站共同處理。,跨課,24-處置.md,已修（T8 跨課隊，2026-10-09）
25,全課模擬器,加取樣表或文字圖,跨 16 章且屬整課改版，並牴觸不畫圖取捨。,整課改版,25-處置.md,已修（第一階段，2026-10-09）
25,自我檢核:數值題,32 題全面換參數,牴觸 PROJECT-BRIEF 錨定題值。,取捨衝突,25-處置.md,已修（第一階段，2026-10-09）
25,各章:.output,搬移靜態探索指引,跨逾 5 檔，需另案處理。,多檔,25-處置.md,已修（第一階段，2026-10-09）
25,全站:range,加即時數值 output,跨逾 5 檔，需另案處理。,多檔,25-處置.md,已修（第一階段，2026-10-09）
25,全站:aria-live,拆分或改 change 更新,跨逾 5 檔，需另案處理。,多檔,25-處置.md,已修（第一階段，2026-10-09）
25,styles.css:頁尾,新增 site-footer 樣式,與既定樣式不擴充取捨衝突。,取捨衝突,25-處置.md,已修（T8 跨課隊，2026-10-09）
25,01–15:topbar,加本章高亮或下拉,跨逾 5 檔，需另案處理。,多檔,25-處置.md,已修（第一階段，2026-10-09）
26,自我檢核.html:全課,每章換 1 題為判斷題,橫跨 15 章的整課題庫改版。,整課改版,26-處置.md,已修（第一階段，2026-10-09）
26,00–14:各 workspace,每章加 2–3 條試試看,需改 15 檔，超過 5 檔 gate。,多檔,26-處置.md,已修（第一階段，2026-10-09）
26,00–14:章末,每章加小結與常見錯誤,需改 15 檔，屬整課結構改版。,整課改版,26-處置.md,已修（第一階段，2026-10-09）
26,全18 HTML:topbar,加章節下拉或章數,低優先且需改超過 5 檔。,多檔,26-處置.md,已修（第一階段，2026-10-09）
27,自我檢核.html:全頁,每章至少改一題為遷移題,涉及 14 章題庫整體改版,整課改版,27-處置.md,已修（第一階段，2026-10-09）
27,00–13 章:各章,補上程式類比,涉及 8 章，超過 5 檔,多檔,27-處置.md,已修（第一階段，2026-10-09）
27,00–13 章:章末,新增每章三句摘要,屬全課章節增補,新增章節,27-處置.md,已修（第一階段，2026-10-09）
27,00–13 章:量測段,集中重複的量測限制,跨約 10 章重構敘事,整課改版,27-處置.md,已修（第一階段，2026-10-09）
27,styles.css:全檔,新增深色模式,須先改領地外共用正本再同步,跨課,27-處置.md,已修（T8 跨課隊，2026-10-09）
28,12-匯流排家族PCIe到CAN.html:CAN 規格,500 kbit/s 最長改 100 m,與封存規格的 40 m 鎖定值衝突，且 archive 禁改。,取捨衝突,28-處置.md,已修（第一階段，2026-10-09）
28,09-多核一致性MESI.html:冷啟動模型,修正 2200／280 拍,會連動 PROJECT-BRIEF 錨定值與 q09 原意。,取捨衝突,28-處置.md,已修（第一階段，2026-10-09）
28,自我檢核.html:全頁,每章第 3 題改成遷移題,屬整課題庫改版。,整課改版,28-處置.md,已修（第一階段，2026-10-09）
28,全課 range 控制,每支滑桿補 output 同步值,跨逾 5 檔；難精調的七項已先改數字輸入。,多檔,28-處置.md,已修（第一階段，2026-10-09）
28,index.html:pager,移除或改左連結,與既定環狀頁序取捨衝突。,取捨衝突,28-處置.md,已修（第一階段，2026-10-09）
28,01–13 章:topbar,補目前章或跳章連結,跨逾 5 檔且改既定導覽規格。,取捨衝突,28-處置.md,已修（第一階段，2026-10-09）
28,全站 HTML／app.js:行尾,LF 改 CRLF,跨逾 5 檔，需先裁決現行格式取捨。,取捨衝突,28-處置.md,已修（第一階段，2026-10-09）
29,PROJECT-BRIEF.md:教學槓桿,統一 05／07／08／11 感應機數值,跨章數值與題目整體改版。,整課改版,29-處置.md,已修（第一階段，2026-10-09）
29,自我檢核.html:數值題,每章一題改為換數字,需重設 13 章題目、解析與答案。,整課改版,29-處置.md,已修（第一階段，2026-10-09）
29,PROJECT-BRIEF.md:不畫圖；03／08／09,加 inline SVG,與「不畫圖／不加圖片」衝突。,取捨衝突,29-處置.md,已修（第一階段，2026-10-09）
29,00–12:章末,加小結與題目深連結,需改 14 檔，超過 5 檔。,多檔,29-處置.md,已修（第一階段，2026-10-09）
29,全課:fallback／排版,統一 fallback、JS 輸出與格式,需改超過 5 檔。,多檔,29-處置.md,已修（第一階段，2026-10-09）
29,全站:.main-site-link,改相對路徑,需改 16 檔，且依賴領地外 Pages 結構。,跨課,29-處置.md,已修（T8 跨課隊，2026-10-09）
29,00–12:.output[aria-live],只播報判讀句,需改 13 檔與輸出結構。,整課改版,29-處置.md,已修（第一階段，2026-10-09）
30,自我檢核.html:全卷,換數值題參數,BRIEF 鎖定章例與題值一致。,取捨衝突,30-處置.md,已修（第一階段，2026-10-09）
30,00–04、06–10:滑桿,顯示目前值,需改 10 檔。,多檔,30-處置.md,已修（第一階段，2026-10-09）
30,06–08:圖形,加動態 SVG,BRIEF 明定不繪圖。,取捨衝突,30-處置.md,已修（第一階段，2026-10-09）
30,index、00–11:章末,補先修與小結,需改 13 檔且會改定位。,多檔,30-處置.md,已修（第一階段，2026-10-09）
30,00–11:證據段,補在家版本,需改 12 檔。,多檔,30-處置.md,已修（第一階段，2026-10-09）
30,自我檢核.html:進度,localStorage 記錄,BRIEF 明定不記進度。,取捨衝突,30-處置.md,已修（第一階段，2026-10-09）
30,全站 HTML:aria-live,只播判讀句,需改逾 5 檔。,多檔,30-處置.md,已修（第一階段，2026-10-09）
30,字典:卡名／styles.css,h2 改 h3,BRIEF 鎖定 CSS 正本。,跨課,30-處置.md,已修（T8 跨課隊，2026-10-09）
30,全站 HTML:main-site-link,改相對路徑,需改 15 檔且 BRIEF 允許絕對網址。,取捨衝突,30-處置.md,已修（T8 跨課隊，2026-10-09）
30,styles.css:range,補 44 px 高度,BRIEF 鎖定 CSS 正本。,跨課,30-處置.md,已修（T8 跨課隊，2026-10-09）
31,全課 00–12 章滑桿與 app.js,25 個滑桿各加即時數值讀出,單條需改 13 個章節頁與 app.js，超過 5 檔 gate。,多檔,31-處置.md,已修（第一階段，2026-10-09）
31,PROJECT-BRIEF.md:範圍與不做事項，以及 02、03、05、09、10 章,開放最小量 inline SVG,需改 6 檔，且與 BRIEF「不做繪圖」的既定取捨衝突。,取捨衝突,31-處置.md,已修（第一階段，2026-10-09）
31,PROJECT-BRIEF.md:用語裁決與全課正文,正文改用 3–4 位有效數字，六位小數只留帳本與驗收表,橫跨全課多於 5 檔，並需先改 BRIEF 的六位小數契約。,取捨衝突,31-處置.md,已修（第一階段，2026-10-09）
31,00–12 章,每章 workspace 新增一題「先預測再拖」,需改 13 個章節頁，屬全課新增章內檢核結構，超過 gate。,新增章節,31-處置.md,已修（第一階段，2026-10-09）
31,名詞與概念字典.html:全 60 張卡,卡名由 h2 改 h3,審稿同時要求修改 styles.css 的 `.term-card h3`，與 BRIEF「不改寫 styles.css」既定取捨衝突。,取捨衝突,31-處置.md,已修（T8 跨課隊，2026-10-09）
31,全站 `main-site-link,絕對網址改為 Pages 相對路徑,需改 16 頁，超過 5 檔 gate；且相對層級需依領地外 Pages 發布結構統一裁決。,跨課,31-處置.md,已修（T8 跨課隊，2026-10-09）
32,03-FM與Carson頻寬.html:全章公式與錨定數值,單音 FM 增益由 3β² 改為 1.5β²，並同步 `app.js`、首頁、字典、自我檢核與 `PROJECT-BRIEF.md`,Node 重算確認 β ＝ 5 時應為 37.5／15.740313 dB，但單條需同步 6 個現行檔案，超過 5 檔 gate；局部修正會使錨定值互相矛盾。,多檔,32-處置.md,已修（第一階段，2026-10-09）
32,自我檢核.html:q03-3／app.js:QUIZ q03-3,將 3β² ＝ 0.75 改為單音的 1.5β² ＝ 0.375,依賴上述已延後的整課 FM 公式裁決；先改題目會與正文、互動與 `PROJECT-BRIEF.md` 衝突。,取捨衝突,32-處置.md,已修（第一階段，2026-10-09）
32,01、07、09、10 章:互動輸出,加入 AM 包絡、脈衝／眼圖、星座、Shannon 平面的 SVG 圖,新增多章視覺化屬整課教學改版，且與本任務「不加圖片」及 `PROJECT-BRIEF.md` 純文字取捨衝突。,取捨衝突,32-處置.md,已修（第一階段，2026-10-09）
32,08-匹配濾波器與位元錯誤率.html:E_b 定義,全課統一為平均每位元能量，並改 `PENALTY.onoff`、q08-2、字典與錨定值,需同步 08–10 章、`app.js`、自我檢核、字典與 `PROJECT-BRIEF.md`，超過 5 檔且會改變已定教學比較基準；本次只在 q08-2 明記現行的「1」脈衝能量定義以消除歧義。,整課改版,32-處置.md,已修（第一階段，2026-10-09）
32,00–11 章:章末,每章增加三條結論與下章銜接,需改 12 檔，超過 5 檔且屬整課結構調整。,整課改版,32-處置.md,已修（第一階段，2026-10-09）
32,自我檢核.html:全部 36 題／app.js:QUIZ,每章改一題為換參數遷移題,涉及 12 章題型與答案邏輯的整課改版，不是局部修正。,整課改版,32-處置.md,已修（第一階段，2026-10-09）
32,00–11 章:所有 range 控制,於 label 旁加即時數值或 range＋number 雙控制,需改 12 個 HTML 與 `app.js`，超過 5 檔，且屬全課元件改版。,整課改版,32-處置.md,已修（第一階段，2026-10-09）
32,自我檢核.html:全部題幹／00–11 章:label,將 `E_b/N_0`、`R_s`、`10^−6` 等全數改為 `<sub>`／`<sup>`,建議同時涵蓋全部實驗頁 label，需改超過 5 檔。,多檔,32-處置.md,已修（第一階段，2026-10-09）
32,全站:main-site-link,將 15 頁主站絕對網址改成相對路徑,需改 15 檔，超過 5 檔；且 Pages 部署後的實際相對層級需與掛站替換規則一併裁決。,多檔,32-處置.md,已修（T8 跨課隊，2026-10-09）
32,styles.css:色彩媒體查詢,新增 `prefers-color-scheme` 深色模式,`PROJECT-BRIEF.md` 明定不重寫 `styles.css`、不新增 class；報告也只在全站其他課已有深色模式時建議追隨，本次不推翻既定取捨。,跨課,32-處置.md,已修（T8 跨課隊，2026-10-09）
33,全課:02／04／05／08 波形呈現,新增 inline SVG／canvas 並隨滑桿重繪,與 PROJECT-BRIEF「不做繪圖，波形一律用表格」的既定取捨直接衝突，且會改動多章互動模型，留待使用者決定。,取捨衝突,33-處置.md,已修（第一階段，2026-10-09）
33,全課:各章結尾／11 章,每章新增「本章帶走的 3 件事」，11 章新增全課公式鏈,單條建議需改動 12 個章節檔，超過 5 檔 gate，且屬全課結構擴充。,新增章節,33-處置.md,已修（第一階段，2026-10-09）
33,全站:nav.topbar,加上一章／下一章或 00–11 可橫捲章節列與 aria-current,需改動 15 個 HTML，超過 5 檔 gate，屬全站導覽改版。,跨課,33-處置.md,已修（T8 跨課隊，2026-10-09）
33,全站:main-site-link,把「回到工程學習主站」絕對網址改為相對路徑，並與其他課程一起改,本課就需改動 15 個 HTML，超過 5 檔 gate；且「同其他課一起改」涉及本隊領地外的發佈結構。,跨課,33-處置.md,已修（T8 跨課隊，2026-10-09）
34,00–11 章 HTML:所有 workspace controls,每個滑桿顯示當前值並補 `aria-valuetext`,單條需改 12 個章節檔，超過 5 檔 gate。,多檔,34-處置.md,已修（第一階段，2026-10-09）
34,app.js:全部輸出與 00–11 章 labels,所有 UI 符號統一改用 `<sub>`,需同步 app.js 與多數章節 HTML，超過 5 檔 gate。,多檔,34-處置.md,已修（第一階段，2026-10-09）
34,00–11 章 HTML:*-output,將表格移出 `aria-live`，只讓判讀句播報,需重構 12 個 workspace 輸出容器，超過 5 檔 gate。,多檔,34-處置.md,已修（第一階段，2026-10-09）
34,01–11 章 HTML:lead,敘述只留 3–4 位有效數字，六位小數留在表格與輸出,單條需改 11 個章節檔與 PROJECT-BRIEF，超過 5 檔 gate。,多檔,34-處置.md,已修（第一階段，2026-10-09）
34,00–11 章 HTML:章末,每章增加「本章帶走」與自我檢核錨點,涉及全課 12 個章節檔，屬整課結構調整且超過 5 檔 gate。,整課改版,34-處置.md,已修（第一階段，2026-10-09）
34,00–11 章 HTML:靜態 fallback 輸出,將無 JS 時的表頭與句子全部同步為 app.js 現行文案,需改 12 個章節檔，超過 5 檔 gate。本次只同步了涉及高風險概念錯誤的 H 橋與 BLDC 預設輸出。,多檔,34-處置.md,已修（第一階段，2026-10-09）
34,15 個 HTML:main-site-link,將絕對網址改為離線可用的相對連結,需改 15 檔，且審稿明指應與其他課程共同裁決。,跨課,34-處置.md,已修（T8 跨課隊，2026-10-09）
35,index.html:全站,每模組加 2–3 題自測,需新增 16–24 題、答案與互動狀態，屬整課改版。,整課改版,35-處置.md,已修（第一階段，2026-10-09）
35,index.html:07,加入 P–δ SVG,臨界數值已補；SVG 違反「不加圖片」鐵律。,取捨衝突,35-處置.md,已修（第一階段，2026-10-09）
35,index.html:03–07,各模組加入教學 SVG,屬多模組改版，且違反「不加圖片」鐵律。,整課改版,35-處置.md,已修（第一階段，2026-10-09）
35,index.html:CONCEPT／footer,連回來源筆記章節,工作流禁止 HTML 連 `.md`，且尚無穩定 Pages 筆記錨點。,取捨衝突,35-處置.md,已修（T8 跨課隊，2026-10-09）
35,index.html:標記完成,自測後才解鎖,依賴尚未立案的全站自測與進度狀態改版。,跨課,35-處置.md,已修（第一階段，2026-10-09）
35,styles.css:全站,加入暗色主題,條件式選配，且完整暗色稽核屬整頁視覺改版。,整課改版,35-處置.md,已修（T8 跨課隊，2026-10-09）
38,全 20 章:自我檢核,移除正文問答版，只保留章末 `<details>` 版並搬移錨點,需改 20 檔，單條建議超過 5 檔；依範圍 gate 延後給使用者決定。,多檔,38-處置.md,已修（第一階段，2026-10-09）
38,全 20 章:閱讀時間,依實際字數重算或移除標示,"抽算確認不一致（例如 18 章約 3,709 個漢字卻標 20 分鐘），但全課統一需改超過 5 檔，依 gate 延後。",整課改版,38-處置.md,已修（第一階段，2026-10-09）
38,全 20 章:2026 更新,把密集數字移入專區，正文只留對本篇的意義,屬全課結構改版且超過 5 檔，依 gate 延後。,整課改版,38-處置.md,已修（第一階段，2026-10-09）
39,全課:自測題,每章加 3–5 題與解析,需改 14 檔，超過 5 檔 gate。,多檔,39-處置.md,已修（第一階段，2026-10-09）
39,README.md、index.html:讀者基線,不假設 C++ 資深，10、11 章補基礎,與 PROJECT-BRIEF.md 明訂的資深 C++ 基線衝突。,取捨衝突,39-處置.md,已修（第一階段，2026-10-09）
39,全課:章末,每章加結論與下章銜接,需改 14 檔，超過 5 檔 gate。,多檔,39-處置.md,已修（第一階段，2026-10-09）
39,04、08 章:延伸閱讀,與電機筆記雙向連結,反向連結越界；HTML 直連 `.md` 又違反建站契約。,取捨衝突,39-處置.md,已修（第一階段，2026-10-09）
39,全課:輪次標記,每章 h2 加三輪標記,需改 14 檔，超過 5 檔 gate。,多檔,39-處置.md,已修（第一階段，2026-10-09）
39,全課:頁面樣板,統一導覽、標題、pager 與屬性,需改 16 檔，屬整課改版。,整課改版,39-處置.md,已修（第一階段，2026-10-09）
39,全課:main-site-link,改離線相對路徑,需改 16 檔並先確認 Pages 結構。,整課改版,39-處置.md,已修（T8 跨課隊，2026-10-09）
40,全課各章「怎麼玩」,每章補一組可展開的預期輸出,需修改超過 5 個檔案，依範圍 gate 延後由使用者決定是否整課補齊。,整課改版,40-處置.md,已修（第一階段，2026-10-09）
40,app.js:navLabels` 與多頁導覽文字,直接修改 HTML 並刪除執行期補丁,牽涉 `app.js` 與 7 個 HTML，超過 5 個檔案；死碼與導覽原文一併延後處理，避免只修半套。,多檔,40-處置.md,已修（第一階段，2026-10-09）
40,01–07、09 章 pager 與痛點卡,把痛點移到 h1 後、pager 移到 `</main>` 前,需重排 8 個章頁，屬整課結構調整且超過 5 個檔案。,整課改版,40-處置.md,已修（第一階段，2026-10-09）
40,03、09 與各章結尾,合併重複比較表、公式及「證據／不要混淆／檢核」段,建議明列全課各章，完整處理會超過 5 個檔案，依範圍 gate 延後。,整課改版,40-處置.md,已修（第一階段，2026-10-09）
40,全站 topbar,統一為「首頁／上一章／本章／下一章／字典」並加 `aria-label`,需修改 16 個頁面，超過 5 個檔案。,多檔,40-處置.md,已修（第一階段，2026-10-09）
40,全站 `<title>,統一「NN 章名｜七軸機械手臂運動學」,需修改 16 個頁面，超過 5 個檔案。,多檔,40-處置.md,已修（第一階段，2026-10-09）
41,全課:每章互動後,每章加 2–4 題選擇／填數自測,需同時重設 13 章教學流程並修改超過 5 個檔案，屬整課改版，依範圍 gate 留待使用者決定。,整課改版,41-處置.md,已修（第一階段，2026-10-09）
41,全課:各章結尾,每章末加 3 條「帶走的結論」,需修改 13 個章節檔，超過 5 檔範圍 gate，留待使用者決定。,多檔,41-處置.md,已修（第一階段，2026-10-09）
42,兩課全站 HTML:topbar,統一並加入 07／08,涉及 >5 檔。,多檔,42-處置.md,已修（第一階段，2026-10-09）
42,路徑 01–05、視覺 01–06:互動控制,改為 `for`/`id` 標籤,共 11 檔。,多檔,42-處置.md,已修（第一階段，2026-10-09）
42,兩課全站 HTML:pager,統一文案與 08 終點,涉及 >5 檔。,多檔,42-處置.md,已修（第一階段，2026-10-09）
42,路徑 04–08、視覺 `0*.html`:正文,多組內容收入 `<details>`,涉及 >5 檔且改動章節主線。,多檔,42-處置.md,已修（第一階段，2026-10-09）
42,兩課 `index.html`:首頁,抽共用模板,需新增建置機制或重構整課首頁，留待使用者決定。,跨課,42-處置.md,已修（T8 跨課隊，2026-10-09）
43,全課:自我檢核,每章加 3–5 題不計分選擇題（含解析、可重做）,需修改超過 5 個檔，屬整課新增題組，依規則延後。,整課改版,43-處置.md,已修（第一階段，2026-10-09）
43,00、02–08:章節結構,每章重排成 Brief 規定順序並刪除重複段,需修改 8 個檔且屬整課結構改版，依規則延後。,整課改版,43-處置.md,已修（第一階段，2026-10-09）
43,各頁:nav.topbar,統一全站頂列並加 aria-label,需修改 12 個 HTML，超過 5 個檔，依規則延後。,跨課,43-處置.md,已修（第一階段，2026-10-09）
43,01–06:pager,全部改成帶章號與章名,需修改 6 個檔，超過 5 個檔，依規則延後。,多檔,43-處置.md,已修（第一階段，2026-10-09）
43,全站:main-site-link,把主站絕對網址改成離線可用的相對連結,需修改 12 個 HTML，超過 5 個檔，依規則延後。,多檔,43-處置.md,已修（T8 跨課隊，2026-10-09）
43,全課:各章,每章加 3 題不計分選擇題與解析,單條需修改 11 個章節檔，超過 5 檔門檻，屬全課教學擴充。,整課改版,43-處置.md,已修（第一階段，2026-10-09）
43,全課:各章章末,各章加「延伸：在 Linux 上是什麼」,單條需修改 11 個章節檔，超過 5 檔門檻。,多檔,43-處置.md,已修（第一階段，2026-10-09）
43,00–10:互動輸出＋archive/BUILD-SPEC.md 模板,"11 個 `.output` 加 `aria-live=""polite""` 並同步模板",單條需修改 12 個檔，超過 5 檔門檻。,多檔,43-處置.md,已修（第一階段，2026-10-09）
43,全站:main-site-link,把絕對網址改成可離線使用的相對連結,涵蓋 13 個 HTML 頁，超過 5 檔門檻，且宜與 39 號報告的全站裁決一起處理。,跨課,43-處置.md,已修（T8 跨課隊，2026-10-09）
44,全課:教學設計,每章加 2–3 個 `details` 預測題,需改動 10 個章節檔，超過單條建議 5 檔上限，依規則延後。,多檔,44-處置.md,已修（第一階段，2026-10-09）
44,全課:教學設計,每章加一個「在自己機器上驗證」工具指令與預期輸出,需改動 8 個章節檔，超過單條建議 5 檔上限。,多檔,44-處置.md,已修（第一階段，2026-10-09）
44,全課:章節結構,把每章「痛點」移到 lead 後、工作區前,需改動全部章節，屬整課結構改版且超過 5 檔。,整課改版,44-處置.md,已修（第一階段，2026-10-09）
44,全課:自我檢核,每章加一個「先預測再展開」的 details,需改動 8 個章節檔，超過單條建議 5 檔上限。,多檔,44-處置.md,已修（第一階段，2026-10-09）
44,全站:topbar、pager,"全部導覽補 `aria-label=""主要導覽""`與 `aria-label=""章節導覽""`",需改動超過 5 個 HTML，依範圍 gate 延後。,多檔,44-處置.md,已修（第一階段，2026-10-09）
44,專題/網路協定/互動課程/全課,新增 74 位元組 TCP SYN 訊框的十六進位逐欄位高亮互動，並與 00–03 章交叉連結,需新增大型互動模型、完整封包資料與跨章導覽，超出局部修整門檻，應單獨設計與驗證。,整課改版,44-處置.md,已修（第一階段，2026-10-09）
44,專題/網路協定/互動課程/全課,每章「證據」段補 1–2 條本機唯讀指令與預期輸出,單條建議需修改 8 個章節檔，超過 5 檔延後門檻。,多檔,44-處置.md,已修（第一階段，2026-10-09）
44,專題/網路協定/互動課程/全站,每頁新增 site-footer，並將 title 統一附上課名,需修改全站 10 個 HTML，超過 5 檔延後門檻。,跨課,44-處置.md,已修（T8 跨課隊，2026-10-09）
45,兩門全課:自測題,每章加 3–5 題選擇題並附解析、重做,需跨越 >5 個檔且屬整課新增測驗系統，依交接門檻延後,整課改版,45-處置.md,已修（第一階段，2026-10-09）
45,兩門全課:互動模型,所有結果區加入預測步驟或摺疊揭曉,需改動 >5 個檔並重做全課互動流程，依交接門檻延後,整課改版,45-處置.md,已修（第一階段，2026-10-09）
46,01–05 全站:八模組,每模組加 1–2 題自我檢核與解析,新增 40–80 題、跨 >5 檔，屬整課教學設計改版。,整課改版,46-處置.md,已修（第一階段，2026-10-09）
46,中央工作台＋01–07:頂層導覽,中央新增七站入口、各站回鏈中央與兄弟站、建議學習順序（含 04／05 回鏈；01／03 part 報告的「補相對回鏈」亦併此）,跨八站 >5 檔；04／05 的 skip-link 前置已先修。,多檔,46-處置.md,已修（第一階段，2026-10-09）
46,01–07:全站版型,統一三種課程架構、topbar、進度列與 07 標題,整課改版且 >5 檔。,整課改版,46-處置.md,已修（第一階段，2026-10-09）
46,中央／01／02／05／07:重複主題,功耗、量產閘門、ISR／DMA 加跨站分工互鏈,需先裁決「中央入門版／知識群深入版」的全局分工，再跨多站改。,取捨衝突,46-處置.md,已修（第一階段，2026-10-09）
46,06:app／i2c／rs485,抽共用 RC／Γ 計算,需新增共用檔並改 7 檔。,跨課,46-處置.md,已修（第一階段，2026-10-09）
46,全站 styles.css,補 `prefers-color-scheme` 深色模式,審稿自註「非必要」，且跨 8 檔。,多檔,46-處置.md,已修（第一階段，2026-10-09）
47,app.js:renderLaneQuestion,每題補短提示與一個有條件的示例回答,18 題需逐題撰寫，並同時修改 5 份 JSON、5 份內嵌 HTML、資料契約與渲染程式，單條建議超過 5 檔門檻，依交接規則延後。,多檔,47-處置.md,已修（第一階段，2026-10-09）
23,專題/機器人運動學/互動課程/styles.css（共用樣式正本）,調整頁尾與相量外觀須先改正本再同步各課,T4 越界待辦；共用正本跨課，調度者裁定不修,跨課,23-處置.md,已修（T8 跨課隊，2026-10-09）
24,共用樣式正本與各互動課程,統一 footer,T4 越界待辦；需跨領地更新正本並同步,跨課,24-處置.md,已修（T8 跨課隊，2026-10-09）
24,全站互動課程 main-site-link,統一各部署層級的中央入口離線相對路徑,T4 越界待辦；T8 已定寫法並只改 33、34，其餘課待統一,跨課,24-處置.md,已修（T8 跨課隊，2026-10-09）
27,專題/機器人運動學/互動課程/styles.css,共用正本先加入深色模式再同步各課,T4 越界待辦；共用正本跨課,跨課,27-處置.md,已修（T8 跨課隊，2026-10-09）
28,電機/02-電機核心/微處理機與匯流排-互動課程/archive/BUILD-SPEC.md,若採 CAN、pager、topbar 或 CRLF 新方案，由規格擁有者同步修訂,T4 越界待辦；封存規格不在修整範圍,跨課,28-處置.md,已修（第一階段，2026-10-09）
33,約 33 門課 index 與章節 html 的 main-site-link,照 33、34 寫法改為 ../../../互動學習網站/index.html 類相對路徑，並在 pages.yml replacements 加對應 slug 的 →../index.html 規則,T8 只改 33、34；其餘課現用絕對網址，離線不可用但 Pages 正常,跨課,33-處置.md,已修（T8 跨課隊，2026-10-09）
35,電機/04-電力特化/P1-電力系統-互動網站/index.html:main-site-link,已是相對路徑但 pages.yml 缺 power-systems 的 →../index.html 改寫規則，Pages 上會指出站根而 404；另 35 連回筆記延後,調度者裁定 35 延後；T8 只記錄不改,跨課,35-處置.md,已修（T8 跨課隊，2026-10-09）
